Target_Audience,Campaigns,Avg_Revenue,Avg_ROI,Avg_CTR,Avg_Conversion_Rate,Avg_Profit,Profitable_Rate
Premium Shoppers,2243,535383.1810075791,2.8496879179670085,0.08549724759498069,0.5552580052971937,535012.3451671868,0.7788675880517164
Working Women,2188,524086.0041133455,2.776946983546618,0.08593711916408504,0.5501860981591461,523723.13004570385,0.7586837294332724
Tier 2 City Customers,2235,499488.8823266219,2.623476510067114,0.08436260234692641,0.5508687789700504,499101.3744966443,0.752572706935123
Youth,2257,494162.2184315463,2.6016083296411163,0.08387800557156869,0.5489181899450416,493765.7751484271,0.7487815684536996
College Students,2189,505214.87300137046,2.5612791228871634,0.08407630328559838,0.5538536675393989,504832.3225034262,0.7409776153494746
