Channel_Count,Campaigns,Avg_Revenue,Avg_ROI,Avg_CTR,Profitable_Rate
3,3668,512772.9713740458,2.7385169029443834,0.08421065434902268,0.7595419847328244
1,3747,511542.62690152123,2.6696317053642917,0.08534619247587036,0.745396317053643
2,3697,510565.4060048688,2.6404544225047335,0.08467135040298736,0.7633216121179335
