Duration_Bucket,Campaigns,Avg_Revenue,Avg_ROI,Avg_Conversion_Rate,Profitable_Rate
Short,2627,514158.56261895696,2.699885801294252,0.5501329022797302,0.7540921202893034
Long,4219,508926.1569092202,2.6789428774591135,0.5502737083602081,0.7591846409101682
Medium,4266,512730.3769338959,2.6757360525082046,0.5543677291938618,0.7541022034692921
