Language,Campaigns,Avg_Revenue,Avg_ROI,Avg_CTR,Avg_Conversion_Rate,Avg_Profit,Profitable_Rate
Tamil,2767,520104.25514998194,2.734083845319841,0.08440196896124813,0.5527811575302287,519727.5459992772,0.7546078785688471
Hindi,2896,508163.0531767956,2.686553867403315,0.0850134667555277,0.5517614607695007,507782.468570442,0.7531077348066298
English,2708,506514.6584194978,2.6855797636632204,0.08439442174756387,0.5531384456812232,506137.93994830135,0.7555391432791728
Bengali,2741,511766.295877417,2.623761400948559,0.08516143884237903,0.5495771902306507,511379.8208974826,0.7610361182050347
