{
  "mae": 2.546594167237363,
  "rmse": 3.912457716551076,
  "r2": 0.1381155808288843,
  "accuracy": 0.8173639226270806,
  "precision": 0.807125890736342,
  "recall": 1.0,
  "f1": 0.8932702418506834,
  "train_rows": 8889,
  "test_rows": 2223
}